film,zanr
0468569,drama
0468569,crime
0468569,action
1375666,sci_fi
1375666,thriller
1375666,mystery
1375666,action
0080684,sci_fi
0080684,fantasy
0080684,adventure
0080684,action
2199711,crime
2199711,adventure
2199711,thriller
2199711,mystery
2199711,action
0133093,sci_fi
0133093,action
0076759,sci_fi
0076759,fantasy
0076759,adventure
0076759,action
2631186,war
2631186,adventure
2631186,history
2631186,action
2375559,thriller
2375559,mystery
2375559,action
0120815,drama
0120815,war
0120815,action
0073707,thriller
0073707,action
0073707,comedy
0073707,drama
0073707,musical
0073707,adventure
0082971,adventure
0082971,action
0103064,sci_fi
0103064,action
0172495,drama
0172495,action
2488496,sci_fi
2488496,fantasy
2488496,adventure
2488496,action
1821700,drama
1821700,thriller
1821700,action
1345836,thriller
1345836,action
0090605,horror
0090605,sci_fi
0090605,action
0086190,sci_fi
0086190,fantasy
0086190,adventure
0086190,action
1954470,drama
1954470,crime
1954470,thriller
1954470,action
0040897,drama
0040897,adventure
0040897,western
0040897,action
0372784,adventure
0372784,action
0097576,adventure
0097576,action
0089881,drama
0089881,war
0089881,action
0017925,drama
0017925,comedy
0017925,adventure
0017925,war
0017925,action
0113277,drama
0113277,crime
0113277,thriller
0113277,action
0095016,thriller
0095016,action
0434409,drama
0434409,thriller
0434409,action
1392190,sci_fi
1392190,thriller
1392190,adventure
1392190,action
1979320,drama
1979320,biography
1979320,sport
1979320,action
0386064,drama
0386064,war
0386064,action
0266697,action
3848892,crime
3848892,thriller
3848892,action
0848228,sci_fi
0848228,thriller
0848228,action
2015381,sci_fi
2015381,adventure
2015381,action
1555149,drama
1555149,crime
1555149,thriller
1555149,action
0440963,thriller
0440963,action
1220719,drama
1220719,biography
1220719,sport
1220719,action
0861739,drama
0861739,crime
0861739,thriller
0861739,action
0044706,drama
0044706,western
0044706,action
0094625,sci_fi
0094625,animation
0094625,action
0088247,sci_fi
0088247,action
0325980,fantasy
0325980,adventure
0325980,action
0058461,drama
0058461,western
0058461,action
1877832,sci_fi
1877832,thriller
1877832,adventure
1877832,action
0065214,western
0065214,adventure
0065214,action
2265171,crime
2265171,thriller
2265171,action
0796366,sci_fi
0796366,adventure
0796366,action
0029843,adventure
0029843,romance
0029843,action
0113568,sci_fi
0113568,animation
0113568,thriller
0113568,mystery
0113568,action
0378194,crime
0378194,thriller
0378194,action
0167260,drama
0167260,adventure
0167260,fantasy
0120737,drama
0120737,adventure
0120737,fantasy
0080684,sci_fi
0080684,fantasy
0080684,adventure
0080684,action
2199711,crime
2199711,adventure
2199711,thriller
2199711,mystery
2199711,action
0167261,drama
0167261,adventure
0167261,fantasy
0076759,sci_fi
0076759,fantasy
0076759,adventure
0076759,action
2631186,war
2631186,adventure
2631186,history
2631186,action
0816692,sci_fi
0816692,drama
0816692,adventure
0245429,animation
0245429,adventure
0245429,fantasy
0245429,family
0073707,thriller
0073707,action
0073707,comedy
0073707,drama
0073707,musical
0073707,adventure
0082971,adventure
0082971,action
2488496,sci_fi
2488496,fantasy
2488496,adventure
2488496,action
0088763,sci_fi
0088763,comedy
0088763,adventure
0110357,animation
0110357,family
0110357,adventure
0110357,musical
0110357,drama
0910970,sci_fi
0910970,animation
0910970,adventure
0910970,family
0119698,animation
0119698,adventure
0119698,fantasy
0082096,drama
0082096,adventure
0082096,war
0082096,thriller
3322420,comedy
3322420,adventure
3322420,drama
0053125,crime
0053125,adventure
0053125,mystery
0053125,thriller
0086190,sci_fi
0086190,fantasy
0086190,adventure
0086190,action
0056172,war
0056172,biography
0056172,adventure
0056172,history
0056172,drama
0435761,animation
0435761,family
0435761,adventure
0435761,fantasy
0435761,comedy
2096673,animation
2096673,fantasy
2096673,family
2096673,drama
2096673,comedy
2096673,adventure
0040897,drama
0040897,adventure
0040897,western
0040897,action
0071853,comedy
0071853,adventure
0071853,fantasy
0361748,drama
0361748,adventure
0361748,war
0114709,animation
0114709,family
0114709,adventure
0114709,fantasy
0114709,comedy
0372784,adventure
0372784,action
0097576,adventure
0097576,action
1049413,animation
1049413,family
1049413,adventure
1049413,comedy
0057115,drama
0057115,adventure
0057115,history
0057115,war
1663202,drama
1663202,adventure
1663202,western
1663202,thriller
0017925,drama
0017925,comedy
0017925,adventure
0017925,war
0017925,action
0015864,comedy
0015864,adventure
0015864,drama
0050212,drama
0050212,adventure
0050212,war
0347149,animation
0347149,adventure
0347149,fantasy
0347149,family
0046268,drama
0046268,adventure
0046268,thriller
2082197,comedy
2082197,adventure
2082197,romance
2082197,drama
1392190,sci_fi
1392190,thriller
1392190,adventure
1392190,action
0892769,animation
0892769,adventure
0892769,fantasy
0892769,family
0169102,drama
0169102,musical
0169102,adventure
0169102,sport
0169102,romance
0758758,biography
0758758,adventure
0758758,drama
0266543,animation
0266543,family
0266543,adventure
0266543,comedy
0093779,comedy
0093779,adventure
0093779,fantasy
0093779,romance
0093779,family
3659388,sci_fi
3659388,drama
3659388,adventure
0087544,sci_fi
0087544,animation
0087544,adventure
0087544,fantasy
0092005,drama
0092005,adventure
0052618,drama
0052618,adventure
0052618,war
1562872,comedy
1562872,family
1562872,adventure
1562872,romance
1562872,drama
2278388,comedy
2278388,adventure
2278388,drama
0245429,animation
0245429,adventure
0245429,fantasy
0245429,family
0110357,animation
0110357,family
0110357,adventure
0110357,musical
0110357,drama
0095327,animation
0095327,war
0095327,drama
0910970,sci_fi
0910970,animation
0910970,adventure
0910970,family
0119698,animation
0119698,adventure
0119698,fantasy
0435761,animation
0435761,family
0435761,adventure
0435761,fantasy
0435761,comedy
2096673,animation
2096673,fantasy
2096673,family
2096673,drama
2096673,comedy
2096673,adventure
0114709,animation
0114709,family
0114709,adventure
0114709,fantasy
0114709,comedy
1049413,animation
1049413,family
1049413,adventure
1049413,comedy
0096283,animation
0096283,fantasy
0096283,family
0347149,animation
0347149,adventure
0347149,fantasy
0347149,family
0892769,animation
0892769,adventure
0892769,fantasy
0892769,family
0978762,drama
0978762,animation
0978762,comedy
0266543,animation
0266543,family
0266543,adventure
0266543,comedy
0087544,sci_fi
0087544,animation
0087544,adventure
0087544,fantasy
0092067,animation
0092067,adventure
0092067,fantasy
0092067,family
0094625,sci_fi
0094625,animation
0094625,action
0198781,animation
0198781,family
0198781,adventure
0198781,fantasy
0198781,comedy
0808417,animation
0808417,biography
0808417,war
0808417,drama
0084503,animation
0084503,musical
0084503,drama
0101414,animation
0101414,musical
0101414,fantasy
0101414,romance
0101414,family
0107688,animation
0107688,musical
0107688,fantasy
0107688,family
1185616,animation
1185616,biography
1185616,war
1185616,drama
0113824,animation
0113824,music
0113824,family
0113824,romance
0113824,drama
0382932,animation
0382932,family
0382932,fantasy
0382932,comedy
0113568,sci_fi
0113568,animation
0113568,thriller
0113568,mystery
0113568,action
0103639,animation
0103639,musical
0103639,family
0103639,fantasy
0103639,comedy
0103639,adventure
0103639,romance
0129167,family
0129167,animation
0129167,comedy
0129167,sci_fi
0129167,drama
0129167,action
0129167,adventure
0317705,animation
0317705,family
0317705,adventure
0317705,action
0275277,sci_fi
0275277,animation
0275277,crime
0275277,drama
0275277,action
0275277,thriller
0120363,animation
0120363,family
0120363,adventure
0120363,fantasy
0120363,comedy
0107692,animation
0107692,adventure
0107692,fantasy
0107692,thriller
0107692,action
1646971,animation
1646971,fantasy
1646971,family
1646971,comedy
1646971,action
1646971,adventure
0126029,animation
0126029,family
0126029,adventure
0126029,fantasy
0126029,comedy
2245084,sci_fi
2245084,animation
2245084,family
2245084,comedy
2245084,action
2245084,adventure
0097814,animation
0097814,family
0097814,adventure
0097814,fantasy
0097814,drama
0808506,sci_fi
0808506,animation
0808506,romance
0808506,comedy
0808506,drama
0808506,adventure
0808506,mystery
0106364,family
0106364,animation
0106364,romance
0106364,crime
0106364,sci_fi
0106364,drama
0106364,action
0106364,adventure
0106364,thriller
0106364,mystery
0286244,drama
0286244,animation
0286244,comedy
0398286,animation
0398286,musical
0398286,family
0398286,fantasy
0398286,comedy
0398286,adventure
0398286,romance
0432283,animation
0432283,crime
0432283,adventure
0432283,comedy
0032455,animation
0032455,music
0032455,fantasy
0032455,family
2013293,animation
2013293,biography
2013293,war
2013293,romance
2013293,drama
0243017,animation
0243017,fantasy
0243017,drama
0104652,animation
0104652,adventure
0104652,romance
0104652,fantasy
1490017,animation
1490017,fantasy
1490017,family
1490017,comedy
1490017,action
1490017,adventure
1772341,animation
1772341,family
1772341,adventure
1772341,comedy
0158983,animation
0158983,musical
0158983,comedy
0851578,sci_fi
0851578,animation
0851578,mystery
0851578,thriller
1323594,animation
1323594,family
1323594,comedy
0108052,drama
0108052,biography
0108052,history
0099685,crime
0099685,biography
0099685,drama
1675434,comedy
1675434,biography
1675434,drama
0253474,drama
0253474,biography
0253474,war
0112573,drama
0112573,biography
0112573,history
0112573,war
0056172,war
0056172,biography
0056172,adventure
0056172,history
0056172,drama
2356180,drama
2356180,sport
2356180,biography
2356180,history
2356180,action
0086879,drama
0086879,biography
0086879,music
0363163,drama
0363163,biography
0363163,war
0081398,drama
0081398,biography
0081398,sport
0080678,drama
0080678,biography
0993846,drama
0993846,comedy
0993846,biography
0993846,crime
0112641,crime
0112641,biography
0112641,drama
0268978,drama
0268978,biography
0758758,biography
0758758,adventure
0758758,drama
1979320,drama
1979320,biography
1979320,sport
1979320,action
0064115,crime
0064115,biography
0064115,western
0064115,drama
0107207,drama
0107207,biography
0107207,history
2024544,drama
2024544,biography
2024544,history
0083987,drama
0083987,biography
0083987,history
1398426,drama
1398426,biography
1398426,music
1220719,drama
1220719,biography
1220719,sport
1220719,action
2084970,drama
2084970,biography
2084970,war
2084970,thriller
0369702,drama
0369702,biography
0369702,romance
0070511,crime
0070511,biography
0070511,drama
1504320,drama
1504320,biography
1504320,history
0808417,animation
0808417,biography
0808417,war
0808417,drama
0401383,drama
0401383,biography
0066206,drama
0066206,biography
0066206,war
0264464,crime
0264464,biography
0264464,drama
0166896,drama
0166896,biography
1185616,animation
1185616,biography
1185616,war
1185616,drama
0352248,drama
0352248,biography
0352248,sport
0074119,drama
0074119,biography
0074119,history
0074119,thriller
0059742,drama
0059742,musical
0059742,biography
0059742,romance
0059742,family
0790636,drama
0790636,biography
0054331,war
0054331,biography
0054331,adventure
0054331,history
0054331,drama
0454921,drama
0454921,biography
0061418,crime
0061418,biography
0061418,drama
0140352,drama
0140352,biography
0140352,thriller
0109707,comedy
0109707,biography
0109707,drama
0358273,drama
0358273,biography
0358273,romance
0358273,music
0049833,biography
0049833,adventure
0049833,history
0049833,drama
0097937,drama
0097937,biography
0964517,drama
0964517,biography
0964517,sport
1535109,drama
1535109,biography
1535109,thriller
0412080,drama
0412080,biography
0412080,sport
0318462,biography
0318462,adventure
0318462,drama
0765429,crime
0765429,biography
0765429,drama
2013293,animation
2013293,biography
2013293,war
2013293,romance
2013293,drama
0109117,comedy
0109117,romance
0109117,family
0118799,comedy
0118799,romance
0118799,drama
0021749,comedy
0021749,romance
0021749,drama
1675434,comedy
1675434,biography
1675434,drama
0027977,comedy
0027977,drama
0073707,thriller
0073707,action
0073707,comedy
0073707,drama
0073707,musical
0073707,adventure
0088763,sci_fi
0088763,comedy
0088763,adventure
0057012,comedy
0057012,war
0032553,comedy
0032553,war
0032553,drama
1187043,comedy
1187043,drama
3322420,comedy
3322420,adventure
3322420,drama
0211915,comedy
0211915,romance
0405508,comedy
0405508,music
0405508,history
0405508,romance
0405508,drama
0018455,comedy
0018455,romance
0018455,drama
0374887,comedy
0374887,drama
0435761,animation
0435761,family
0435761,adventure
0435761,fantasy
0435761,comedy
0012349,comedy
0012349,family
0012349,drama
0045152,comedy
0045152,musical
0045152,romance
0042192,comedy
0042192,drama
0070735,drama
0070735,comedy
0070735,crime
2096673,animation
2096673,fantasy
2096673,family
2096673,drama
2096673,comedy
2096673,adventure
0055630,comedy
0055630,drama
0071853,comedy
0071853,adventure
0071853,fantasy
0053604,comedy
0053604,romance
0053604,drama
0208092,comedy
0208092,crime
0114709,animation
0114709,family
0114709,adventure
0114709,fantasy
0114709,comedy
0053291,comedy
0053291,crime
0112870,comedy
0112870,musical
0112870,romance
0112870,drama
2338151,sci_fi
2338151,comedy
2338151,romance
2338151,drama
1049413,animation
1049413,family
1049413,adventure
1049413,comedy
0017925,drama
0017925,comedy
0017925,adventure
0017925,war
0017925,action
0015864,comedy
0015864,adventure
0015864,drama
0292490,comedy
0292490,drama
0120735,comedy
0120735,crime
0993846,drama
0993846,comedy
0993846,biography
0993846,crime
2082197,comedy
2082197,adventure
2082197,romance
2082197,drama
0025316,comedy
0025316,romance
0118715,comedy
0118715,crime
3863552,comedy
3863552,drama
0978762,drama
0978762,animation
0978762,comedy
0293715,comedy
0293715,romance
0293715,drama
3011894,comedy
3011894,thriller
3011894,drama
0266543,animation
0266543,family
0266543,adventure
0266543,comedy
0093779,comedy
0093779,adventure
0093779,fantasy
0093779,romance
0093779,family
0079470,comedy
0114787,comedy
0114787,war
0114787,drama
0118843,comedy
0118843,romance
0118843,crime
1562872,comedy
1562872,family
1562872,adventure
1562872,romance
1562872,drama
2278388,comedy
2278388,adventure
2278388,drama
0075686,comedy
0075686,romance
0111161,crime
0111161,drama
0068646,crime
0068646,drama
0071562,crime
0071562,drama
0468569,drama
0468569,crime
0468569,action
0050083,crime
0050083,drama
0110912,crime
0110912,drama
2199711,crime
2199711,adventure
2199711,thriller
2199711,mystery
2199711,action
0099685,crime
0099685,biography
0099685,drama
0317248,crime
0317248,drama
0114369,crime
0114369,thriller
0114369,mystery
0114369,drama
0114814,crime
0114814,thriller
0114814,drama
0102926,crime
0102926,thriller
0102926,drama
0110413,crime
0110413,thriller
0110413,drama
0120586,crime
0120586,drama
0120689,crime
0120689,fantasy
0120689,mystery
0120689,drama
0116231,crime
0116231,thriller
0116231,drama
0407887,crime
0407887,thriller
0407887,drama
1280558,crime
1280558,thriller
1280558,mystery
1280558,drama
0022100,crime
0022100,thriller
0022100,drama
0087843,crime
0087843,drama
0053125,crime
0053125,adventure
0053125,mystery
0053125,thriller
0036775,crime
0036775,thriller
0036775,film_noir
0036775,drama
0066921,sci_fi
0066921,crime
0066921,drama
0105236,crime
0105236,thriller
0075314,crime
0075314,drama
0070735,drama
0070735,comedy
0070735,crime
1954470,drama
1954470,crime
1954470,thriller
1954470,action
0042876,crime
0042876,drama
3390572,crime
3390572,thriller
3390572,romance
3390572,drama
0208092,comedy
0208092,crime
0086250,crime
0086250,drama
0119488,crime
0119488,thriller
0119488,mystery
0119488,drama
0053291,comedy
0053291,crime
0047296,crime
0047296,thriller
0047296,drama
0113277,drama
0113277,crime
0113277,thriller
0113277,action
0120735,comedy
0120735,crime
0993846,drama
0993846,comedy
0993846,biography
0993846,crime
0112641,crime
0112641,biography
0112641,drama
0061512,crime
0061512,drama
0118715,comedy
0118715,crime
0046912,crime
0046912,thriller
0033870,crime
0033870,mystery
0033870,film_noir
0033870,drama
0053198,crime
0053198,drama
0116282,crime
0116282,thriller
0116282,drama
2267998,crime
2267998,thriller
2267998,mystery
2267998,drama
0052311,crime
0052311,film_noir
0052311,thriller
0477348,crime
0477348,thriller
0477348,drama
0064115,crime
0064115,biography
0064115,western
0064115,drama
0118843,comedy
0118843,romance
0118843,crime
3848892,crime
3848892,thriller
3848892,action
0111161,crime
0111161,drama
0068646,crime
0068646,drama
0071562,crime
0071562,drama
0468569,drama
0468569,crime
0468569,action
0050083,crime
0050083,drama
0108052,drama
0108052,biography
0108052,history
0110912,crime
0110912,drama
0167260,drama
0167260,adventure
0167260,fantasy
0137523,drama
0120737,drama
0120737,adventure
0120737,fantasy
0109830,drama
0109830,romance
0167261,drama
0167261,adventure
0167261,fantasy
0073486,drama
0476735,drama
0047478,drama
0099685,crime
0099685,biography
0099685,drama
0317248,crime
0317248,drama
0114369,crime
0114369,thriller
0114369,mystery
0114369,drama
0038650,drama
0038650,fantasy
0038650,family
0816692,sci_fi
0816692,drama
0816692,adventure
0118799,comedy
0118799,romance
0118799,drama
0114814,crime
0114814,thriller
0114814,drama
0102926,crime
0102926,thriller
0102926,drama
0110413,crime
0110413,thriller
0110413,drama
0021749,comedy
0021749,romance
0021749,drama
1675434,comedy
1675434,biography
1675434,drama
0120815,drama
0120815,war
0120815,action
0034583,drama
0034583,romance
0034583,war
0120586,crime
0120586,drama
0027977,comedy
0027977,drama
0073707,thriller
0073707,action
0073707,comedy
0073707,drama
0073707,musical
0073707,adventure
0120689,crime
0120689,fantasy
0120689,mystery
0120689,drama
0116231,crime
0116231,thriller
0116231,drama
2582802,drama
2582802,music
0253474,drama
0253474,biography
0253474,war
0172495,drama
0172495,action
0407887,crime
0407887,thriller
0407887,drama
0043014,drama
0043014,film_noir
1821700,drama
1821700,thriller
1821700,action
0986264,drama
0986264,music
0986264,family
0482571,sci_fi
0482571,drama
0482571,mystery
0482571,thriller
0078788,drama
0078788,war
0095765,drama
0032553,comedy
0032553,war
0032553,drama
0110357,animation
0110357,family
0110357,adventure
0110357,musical
0110357,drama
0405094,drama
0405094,thriller
0050825,drama
0050825,war
0095327,animation
0095327,war
0095327,drama
1853728,drama
1853728,western
1187043,comedy
1187043,drama
0109117,comedy
0109117,romance
0109117,family
0038650,drama
0038650,fantasy
0038650,family
0245429,animation
0245429,adventure
0245429,fantasy
0245429,family
0986264,drama
0986264,music
0986264,family
0110357,animation
0110357,family
0110357,adventure
0110357,musical
0110357,drama
0910970,sci_fi
0910970,animation
0910970,adventure
0910970,family
0435761,animation
0435761,family
0435761,adventure
0435761,fantasy
0435761,comedy
0012349,comedy
0012349,family
0012349,drama
0871510,drama
0871510,sport
0871510,family
2096673,animation
2096673,fantasy
2096673,family
2096673,drama
2096673,comedy
2096673,adventure
0114709,animation
0114709,family
0114709,adventure
0114709,fantasy
0114709,comedy
1049413,animation
1049413,family
1049413,adventure
1049413,comedy
0096283,animation
0096283,fantasy
0096283,family
0347149,animation
0347149,adventure
0347149,fantasy
0347149,family
0892769,animation
0892769,adventure
0892769,fantasy
0892769,family
1028532,drama
1028532,family
0266543,animation
0266543,family
0266543,adventure
0266543,comedy
0093779,comedy
0093779,adventure
0093779,fantasy
0093779,romance
0093779,family
1562872,comedy
1562872,family
1562872,adventure
1562872,romance
1562872,drama
0032138,fantasy
0032138,musical
0032138,adventure
0032138,family
0092067,animation
0092067,adventure
0092067,fantasy
0092067,family
0198781,animation
0198781,family
0198781,adventure
0198781,fantasy
0198781,comedy
0085334,comedy
0085334,family
0101414,animation
0101414,musical
0101414,fantasy
0101414,romance
0101414,family
0107688,animation
0107688,musical
0107688,fantasy
0107688,family
0113824,animation
0113824,music
0113824,family
0113824,romance
0113824,drama
0382932,animation
0382932,family
0382932,fantasy
0382932,comedy
0103639,animation
0103639,musical
0103639,family
0103639,fantasy
0103639,comedy
0103639,adventure
0103639,romance
0059742,drama
0059742,musical
0059742,biography
0059742,romance
0059742,family
0067093,drama
0067093,musical
0067093,romance
0067093,family
0129167,family
0129167,animation
0129167,comedy
0129167,sci_fi
0129167,drama
0129167,action
0129167,adventure
0317705,animation
0317705,family
0317705,adventure
0317705,action
0120363,animation
0120363,family
0120363,adventure
0120363,fantasy
0120363,comedy
1646971,animation
1646971,fantasy
1646971,family
1646971,comedy
1646971,action
1646971,adventure
0058385,drama
0058385,musical
0058385,romance
0058385,family
0126029,animation
0126029,family
0126029,adventure
0126029,fantasy
0126029,comedy
0039628,comedy
0039628,family
0039628,drama
2245084,sci_fi
2245084,animation
2245084,family
2245084,comedy
2245084,action
2245084,adventure
0097814,animation
0097814,family
0097814,adventure
0097814,fantasy
0097814,drama
0083866,sci_fi
0083866,family
0106364,family
0106364,animation
0106364,romance
0106364,crime
0106364,sci_fi
0106364,drama
0106364,action
0106364,adventure
0106364,thriller
0106364,mystery
0398286,animation
0398286,musical
0398286,family
0398286,fantasy
0398286,comedy
0398286,adventure
0398286,romance
0067992,fantasy
0067992,musical
0067992,family
0032455,animation
0032455,music
0032455,fantasy
0032455,family
0132477,drama
0132477,biography
0132477,family
1490017,animation
1490017,fantasy
1490017,family
1490017,comedy
1490017,action
1490017,adventure
0304141,fantasy
0304141,adventure
0304141,mystery
0304141,family
0089218,comedy
0089218,adventure
0089218,family
1772341,animation
1772341,family
1772341,adventure
1772341,comedy
0058331,comedy
0058331,musical
0058331,fantasy
0058331,family
0167260,drama
0167260,adventure
0167260,fantasy
0120737,drama
0120737,adventure
0120737,fantasy
0080684,sci_fi
0080684,fantasy
0080684,adventure
0080684,action
0167261,drama
0167261,adventure
0167261,fantasy
0076759,sci_fi
0076759,fantasy
0076759,adventure
0076759,action
0038650,drama
0038650,fantasy
0038650,family
0245429,animation
0245429,adventure
0245429,fantasy
0245429,family
0120689,crime
0120689,fantasy
0120689,mystery
0120689,drama
2488496,sci_fi
2488496,fantasy
2488496,adventure
2488496,action
0119698,animation
0119698,adventure
0119698,fantasy
0086190,sci_fi
0086190,fantasy
0086190,adventure
0086190,action
0435761,animation
0435761,family
0435761,adventure
0435761,fantasy
0435761,comedy
2096673,animation
2096673,fantasy
2096673,family
2096673,drama
2096673,comedy
2096673,adventure
0071853,comedy
0071853,adventure
0071853,fantasy
0114709,animation
0114709,family
0114709,adventure
0114709,fantasy
0114709,comedy
0096283,animation
0096283,fantasy
0096283,family
0050976,drama
0050976,fantasy
0457430,drama
0457430,war
0457430,fantasy
0347149,animation
0347149,adventure
0347149,fantasy
0347149,family
0892769,animation
0892769,adventure
0892769,fantasy
0892769,family
0093779,comedy
0093779,adventure
0093779,fantasy
0093779,romance
0093779,family
0087544,sci_fi
0087544,animation
0087544,adventure
0087544,fantasy
1201607,drama
1201607,adventure
1201607,mystery
1201607,fantasy
0032138,fantasy
0032138,musical
0032138,adventure
0032138,family
0093191,drama
0093191,romance
0093191,fantasy
0092067,animation
0092067,adventure
0092067,fantasy
0092067,family
0198781,animation
0198781,family
0198781,adventure
0198781,fantasy
0198781,comedy
0107048,comedy
0107048,romance
0107048,fantasy
0325980,fantasy
0325980,adventure
0325980,action
0101414,animation
0101414,musical
0101414,fantasy
0101414,romance
0101414,family
0107688,animation
0107688,musical
0107688,fantasy
0107688,family
0319061,drama
0319061,adventure
0319061,fantasy
0382932,animation
0382932,family
0382932,fantasy
0382932,comedy
0103639,animation
0103639,musical
0103639,family
0103639,fantasy
0103639,comedy
0103639,adventure
0103639,romance
0454876,drama
0454876,adventure
0454876,fantasy
0068361,comedy
0068361,fantasy
0068361,drama
0024216,fantasy
0024216,adventure
0099487,drama
0099487,romance
0099487,fantasy
0903624,fantasy
0903624,adventure
1170358,fantasy
1170358,adventure
0120363,animation
0120363,family
0120363,adventure
0120363,fantasy
0120363,comedy
0107692,animation
0107692,adventure
0107692,fantasy
0107692,thriller
0107692,action
0460791,drama
0460791,adventure
0460791,fantasy
1646971,animation
1646971,fantasy
1646971,family
1646971,comedy
1646971,action
1646971,adventure
0485947,sci_fi
0485947,drama
0485947,romance
0485947,fantasy
0101765,drama
0101765,music
0101765,romance
0101765,mystery
0101765,fantasy
0126029,animation
0126029,family
0126029,adventure
0126029,fantasy
0126029,comedy
0499549,sci_fi
0499549,fantasy
0499549,adventure
0499549,action
0097814,animation
0097814,family
0097814,adventure
0097814,fantasy
0097814,drama
2194499,drama
2194499,romance
2194499,fantasy
0043014,drama
0043014,film_noir
0036775,crime
0036775,thriller
0036775,film_noir
0036775,drama
0041959,thriller
0041959,mystery
0041959,film_noir
0033870,crime
0033870,mystery
0033870,film_noir
0033870,drama
0052311,crime
0052311,film_noir
0052311,thriller
0037008,crime
0037008,mystery
0037008,film_noir
0037008,drama
0044079,crime
0044079,film_noir
0044079,thriller
0038787,drama
0038787,romance
0038787,film_noir
0038787,thriller
0048424,crime
0048424,thriller
0048424,film_noir
0048424,drama
0038355,crime
0038355,mystery
0038355,film_noir
0038355,thriller
0049406,crime
0049406,film_noir
0049406,thriller
0040506,crime
0040506,thriller
0040506,film_noir
0040506,drama
0038109,thriller
0038109,romance
0038109,mystery
0038109,film_noir
0108052,drama
0108052,biography
0108052,history
2631186,war
2631186,adventure
2631186,history
2631186,action
0112573,drama
0112573,biography
0112573,history
0112573,war
0405508,comedy
0405508,music
0405508,history
0405508,romance
0405508,drama
0056172,war
0056172,biography
0056172,adventure
0056172,history
0056172,drama
2356180,drama
2356180,sport
2356180,biography
2356180,history
2356180,action
0057115,drama
0057115,adventure
0057115,history
0057115,war
0055031,drama
0055031,history
0055031,war
0395169,drama
0395169,history
0395169,war
0107207,drama
0107207,biography
0107207,history
2024544,drama
2024544,biography
2024544,history
0083987,drama
0083987,biography
0083987,history
1504320,drama
1504320,biography
1504320,history
0102138,drama
0102138,history
0102138,thriller
0068182,drama
0068182,adventure
0068182,history
0074119,drama
0074119,biography
0074119,history
0074119,thriller
0015648,drama
0015648,history
0015648,war
2377938,crime
2377938,history
2377938,thriller
2377938,drama
0054331,war
0054331,biography
0054331,adventure
0054331,history
0054331,drama
0498380,drama
0498380,history
0498380,war
0097441,drama
0097441,history
0097441,war
0299977,adventure
0299977,history
0299977,action
0087553,drama
0087553,history
0087553,war
0086197,drama
0086197,adventure
0086197,history
0049833,biography
0049833,adventure
0049833,history
0049833,drama
0108358,drama
0108358,western
0108358,history
0108358,action
0092965,drama
0092965,history
0092965,war
0058777,drama
0058777,history
0058777,war
0056197,war
0056197,drama
0056197,history
0056197,action
0093389,drama
0093389,biography
0093389,history
3169706,comedy
3169706,biography
3169706,history
3169706,drama
1024648,drama
1024648,biography
1024648,history
1024648,thriller
0265086,drama
0265086,history
0265086,war
0325710,war
0325710,drama
0325710,history
0325710,action
0455590,drama
0455590,biography
0455590,history
0870111,drama
0870111,history
1410063,drama
1410063,history
1410063,war
0475276,drama
0475276,crime
0475276,history
0475276,thriller
0475276,action
1013753,drama
1013753,biography
1013753,history
0408306,drama
0408306,history
0408306,thriller
0887912,war
0887912,drama
0887912,history
0887912,thriller
1276419,drama
1276419,biography
1276419,history
1276419,romance
0215750,drama
0215750,history
0215750,war
1386932,drama
1386932,sport
1386932,biography
1386932,history
1386932,action
0443680,crime
0443680,biography
0443680,history
0443680,western
0443680,drama
0217505,crime
0217505,history
0217505,drama
0460989,drama
0460989,history
0460989,war
0127536,drama
0127536,biography
0127536,history
2140373,comedy
2140373,music
2140373,biography
2140373,history
2140373,drama
0110932,drama
0110932,history
0054215,horror
0054215,thriller
0054215,mystery
0078748,horror
0078748,sci_fi
0081505,horror
0081505,drama
0090605,horror
0090605,sci_fi
0090605,action
0084787,horror
0084787,sci_fi
0046911,horror
0046911,drama
0046911,thriller
0010323,horror
0010323,mystery
0070047,horror
0013442,horror
0077402,horror
0063522,horror
0063522,drama
0365748,horror
0365748,comedy
0021884,horror
0021884,drama
0021884,sci_fi
1139797,horror
1139797,drama
1139797,romance
0063350,horror
0022913,horror
0022913,drama
0026138,horror
0026138,comedy
0026138,sci_fi
0026138,drama
0077651,horror
0077651,thriller
0093773,horror
0093773,sci_fi
0093773,action
1588170,horror
1588170,crime
1588170,thriller
1588170,drama
0092991,horror
0092991,comedy
0059646,horror
0059646,drama
0059646,thriller
0049366,horror
0049366,sci_fi
0056869,horror
1156398,horror
1156398,comedy
1156398,adventure
0387564,horror
0387564,mystery
0451094,horror
0451094,crime
0451094,thriller
0451094,drama
0462322,horror
0462322,thriller
0462322,action
0070917,horror
0070917,mystery
0057129,horror
0289043,horror
0021814,horror
0230600,horror
0230600,thriller
0106308,horror
0106308,comedy
0106308,fantasy
0082010,horror
0082010,comedy
0110148,horror
0110148,drama
0110148,fantasy
0075005,horror
0075005,mystery
0103873,horror
0103873,comedy
1465522,horror
1465522,comedy
0083907,horror
3416742,horror
3416742,comedy
0099871,horror
0099871,drama
0099871,mystery
0091064,horror
0091064,drama
0091064,romance
0091064,sci_fi
1457767,horror
0087800,horror
1038988,horror
1038988,thriller
1038988,mystery
0072271,horror
0256009,horror
0256009,drama
0103874,horror
0103874,romance
0076786,horror
0076786,mystery
2582802,drama
2582802,music
0986264,drama
0986264,music
0986264,family
0405508,comedy
0405508,music
0405508,history
0405508,romance
0405508,drama
0086879,drama
0086879,biography
0086879,music
0120731,drama
0120731,romance
0120731,music
1069238,drama
1069238,music
1398426,drama
1398426,biography
1398426,music
0088258,comedy
0088258,music
0113824,animation
0113824,music
0113824,family
0113824,romance
0113824,drama
0108394,drama
0108394,romance
0108394,mystery
0108394,music
0080455,comedy
0080455,music
0080455,crime
0080455,action
0181875,comedy
0181875,music
0181875,adventure
0181875,drama
0907657,drama
0907657,romance
0907657,music
0372824,drama
0372824,music
0358273,drama
0358273,biography
0358273,romance
0358273,music
0101765,drama
0101765,music
0101765,romance
0101765,mystery
0101765,fantasy
0032455,animation
0032455,music
0032455,fantasy
0032455,family
0248845,comedy
0248845,music
0248845,musical
0248845,drama
0190590,comedy
0190590,music
0190590,crime
2024519,drama
2024519,romance
2024519,music
0421082,drama
0421082,biography
0421082,music
0350258,drama
0350258,biography
0350258,music
0120802,drama
0120802,mystery
0120802,romance
0120802,music
0117631,drama
0117631,biography
0117631,romance
0117631,music
0249462,comedy
0249462,music
0249462,drama
0450188,drama
0450188,biography
0450188,music
0363226,drama
0363226,comedy
0363226,music
0363226,crime
0363226,action
0107822,drama
0107822,romance
0107822,music
0146882,comedy
0146882,music
0146882,romance
0146882,drama
0426931,drama
0426931,music
2140373,comedy
2140373,music
2140373,biography
2140373,history
2140373,drama
0109045,comedy
0109045,music
1980929,drama
1980929,music
2042568,drama
2042568,music
1131729,comedy
1131729,music
1131729,drama
0410097,crime
0410097,music
0410097,drama
0274309,comedy
0274309,music
0274309,biography
0274309,drama
0046183,animation
0046183,music
0046183,adventure
0046183,fantasy
0046183,family
0158371,comedy
0158371,music
0158371,drama
1263670,drama
1263670,romance
1263670,music
0113862,drama
0113862,music
0120910,animation
0120910,music
0120910,fantasy
0120910,family
1981677,comedy
1981677,romance
1981677,music
0101761,drama
0101761,musical
0101761,biography
0101761,music
0119164,comedy
0119164,music
0119164,drama
1266029,drama
1266029,biography
1266029,music
0275847,sci_fi
0275847,animation
0275847,fantasy
0275847,family
0275847,drama
0275847,music
0275847,comedy
0275847,adventure
0065421,animation
0065421,music
0065421,family
0065421,adventure
0065421,comedy
0332379,comedy
0332379,music
0379217,comedy
0379217,music
0379217,drama
0073707,thriller
0073707,action
0073707,comedy
0073707,drama
0073707,musical
0073707,adventure
0110357,animation
0110357,family
0110357,adventure
0110357,musical
0110357,drama
0045152,comedy
0045152,musical
0045152,romance
0112870,comedy
0112870,musical
0112870,romance
0112870,drama
0169102,drama
0169102,musical
0169102,adventure
0169102,sport
0169102,romance
0032138,fantasy
0032138,musical
0032138,adventure
0032138,family
0084503,animation
0084503,musical
0084503,drama
0101414,animation
0101414,musical
0101414,fantasy
0101414,romance
0101414,family
0107688,animation
0107688,musical
0107688,fantasy
0107688,family
0023969,comedy
0023969,musical
0023969,war
0168629,crime
0168629,musical
0168629,drama
0103639,animation
0103639,musical
0103639,family
0103639,fantasy
0103639,comedy
0103639,adventure
0103639,romance
0059742,drama
0059742,musical
0059742,biography
0059742,romance
0059742,family
0067093,drama
0067093,musical
0067093,romance
0067093,family
0058385,drama
0058385,musical
0058385,romance
0058385,family
0068327,drama
0068327,musical
0420332,drama
0420332,musical
0420332,romance
0398286,animation
0398286,musical
0398286,family
0398286,fantasy
0398286,comedy
0398286,adventure
0398286,romance
0172684,comedy
0172684,musical
0172684,romance
0067992,fantasy
0067992,musical
0067992,family
0248845,comedy
0248845,music
0248845,musical
0248845,drama
0158983,animation
0158983,musical
0158983,comedy
0058331,comedy
0058331,musical
0058331,fantasy
0058331,family
0058182,comedy
0058182,musical
0104940,comedy
0104940,family
0104940,fantasy
0104940,musical
0104940,drama
0029583,animation
0029583,musical
0029583,fantasy
0029583,romance
0029583,family
0203009,drama
0203009,musical
0203009,romance
0061852,animation
0061852,musical
0061852,adventure
0061852,family
1707386,drama
1707386,musical
1707386,romance
2294629,animation
2294629,musical
2294629,family
2294629,fantasy
2294629,comedy
2294629,adventure
0055614,crime
0055614,musical
0055614,thriller
0055614,romance
0055614,drama
0097757,animation
0097757,musical
0097757,fantasy
0097757,romance
0097757,family
0085959,comedy
0085959,musical
0085959,fantasy
0079261,comedy
0079261,musical
0079261,drama
0120762,animation
0120762,musical
0120762,adventure
0120762,war
0120762,family
0032910,animation
0032910,musical
0032910,fantasy
0032910,family
0248126,drama
0248126,musical
0248126,romance
0408236,horror
0408236,drama
0408236,musical
0408236,thriller
0445922,drama
0445922,musical
0445922,romance
0445922,fantasy
0043274,animation
0043274,musical
0043274,adventure
0043274,fantasy
0043274,family
0091369,fantasy
0091369,musical
0091369,adventure
0091369,family
0073629,comedy
0073629,musical
0121164,animation
0121164,musical
0121164,romance
0121164,fantasy
0293508,drama
0293508,musical
0293508,romance
0293508,thriller
0053285,animation
0053285,musical
0053285,fantasy
0053285,romance
0053285,family
0042332,animation
0042332,musical
0042332,fantasy
0042332,romance
0042332,family
0033563,animation
0033563,musical
0033563,family
0119282,animation
0119282,musical
0119282,family
0119282,fantasy
0119282,comedy
0119282,adventure
0119282,romance
0077631,musical
0077631,romance
0057546,animation
0057546,musical
0057546,family
0057546,fantasy
0057546,comedy
0057546,adventure
1375666,sci_fi
1375666,thriller
1375666,mystery
1375666,action
2199711,crime
2199711,adventure
2199711,thriller
2199711,mystery
2199711,action
2375559,thriller
2375559,mystery
2375559,action
0114369,crime
0114369,thriller
0114369,mystery
0114369,drama
0054215,horror
0054215,thriller
0054215,mystery
0047396,thriller
0047396,mystery
0120689,crime
0120689,fantasy
0120689,mystery
0120689,drama
0209144,thriller
0209144,mystery
0482571,sci_fi
0482571,drama
0482571,mystery
0482571,thriller
0051201,drama
0051201,mystery
1280558,crime
1280558,thriller
1280558,mystery
1280558,drama
0364569,drama
0364569,mystery
0364569,thriller
0033467,drama
0033467,mystery
0053125,crime
0053125,adventure
0053125,mystery
0053125,thriller
0052357,thriller
0052357,romance
0052357,mystery
0062622,sci_fi
0062622,mystery
0041959,thriller
0041959,mystery
0041959,film_noir
0119488,crime
0119488,thriller
0119488,mystery
0119488,drama
0071315,drama
0071315,mystery
0071315,thriller
1821480,drama
1821480,mystery
1821480,thriller
1305806,drama
1305806,mystery
1305806,thriller
1255953,drama
1255953,mystery
1255953,war
0032976,thriller
0032976,mystery
0033870,crime
0033870,mystery
0033870,film_noir
0033870,drama
2267998,crime
2267998,thriller
2267998,mystery
2267998,drama
0167404,drama
0167404,mystery
0167404,thriller
0062229,crime
0062229,thriller
0062229,mystery
0062229,drama
0037008,crime
0037008,mystery
0037008,film_noir
0037008,drama
0353969,crime
0353969,thriller
0353969,mystery
0353969,drama
1130884,thriller
1130884,mystery
0338564,crime
0338564,mystery
0338564,thriller
1201607,drama
1201607,adventure
1201607,mystery
1201607,fantasy
0069293,sci_fi
0069293,drama
0069293,mystery
0010323,horror
0010323,mystery
0069281,thriller
0069281,mystery
3460252,comedy
3460252,western
3460252,thriller
3460252,mystery
3460252,drama
0111495,drama
0111495,romance
0111495,mystery
0052561,crime
0052561,thriller
0052561,mystery
0052561,drama
0114746,sci_fi
0114746,thriller
0114746,mystery
0038355,crime
0038355,mystery
0038355,film_noir
0038355,thriller
1392214,crime
1392214,thriller
1392214,mystery
1392214,drama
0376968,drama
0376968,mystery
0376968,thriller
0287467,drama
0287467,romance
0287467,mystery
0056923,comedy
0056923,romance
0056923,mystery
0056923,thriller
0113568,sci_fi
0113568,animation
0113568,thriller
0113568,mystery
0113568,action
0061811,crime
0061811,thriller
0061811,mystery
0061811,drama
0108394,drama
0108394,romance
0108394,mystery
0108394,music
0327056,crime
0327056,thriller
0327056,mystery
0327056,drama
0030341,comedy
0030341,mystery
0030341,thriller
0166924,drama
0166924,mystery
0166924,thriller
0109830,drama
0109830,romance
0109117,comedy
0109117,romance
0109117,family
0118799,comedy
0118799,romance
0118799,drama
0021749,comedy
0021749,romance
0021749,drama
0034583,drama
0034583,romance
0034583,war
0169547,drama
0169547,romance
0211915,comedy
0211915,romance
0052357,thriller
0052357,romance
0052357,mystery
0405508,comedy
0405508,music
0405508,history
0405508,romance
0405508,drama
0018455,comedy
0018455,romance
0018455,drama
0338013,sci_fi
0338013,drama
0338013,romance
0045152,comedy
0045152,musical
0045152,romance
0053604,comedy
0053604,romance
0053604,drama
3390572,crime
3390572,thriller
3390572,romance
3390572,drama
0112870,comedy
0112870,musical
0112870,romance
0112870,drama
2338151,sci_fi
2338151,comedy
2338151,romance
2338151,drama
0050986,drama
0050986,romance
2082197,comedy
2082197,adventure
2082197,romance
2082197,drama
0025316,comedy
0025316,romance
0031381,drama
0031381,romance
0031381,war
0169102,drama
0169102,musical
0169102,adventure
0169102,sport
0169102,romance
0293715,comedy
0293715,romance
0293715,drama
0036868,drama
0036868,romance
0036868,war
0093779,comedy
0093779,adventure
0093779,fantasy
0093779,romance
0093779,family
0120731,drama
0120731,romance
0120731,music
0118843,comedy
0118843,romance
0118843,crime
1562872,comedy
1562872,family
1562872,adventure
1562872,romance
1562872,drama
0075686,comedy
0075686,romance
0109424,comedy
0109424,romance
0109424,drama
0112471,drama
0112471,romance
0423866,crime
0423866,romance
0423866,drama
0051459,drama
0051459,romance
0072684,drama
0072684,adventure
0072684,romance
0072684,war
0093191,drama
0093191,romance
0093191,fantasy
0111495,drama
0111495,romance
0111495,mystery
0118694,drama
0118694,romance
0046250,comedy
0046250,romance
0032904,comedy
0032904,romance
0038787,drama
0038787,romance
0038787,film_noir
0038787,thriller
0369702,drama
0369702,biography
0369702,romance
0107048,comedy
0107048,romance
0107048,fantasy
0347304,comedy
0347304,romance
0347304,drama
0381681,drama
0381681,romance
0101414,animation
0101414,musical
0101414,fantasy
0101414,romance
0101414,family
0067185,comedy
0067185,romance
0067185,drama
0032599,comedy
0032599,romance
0032599,drama
1659337,drama
1659337,romance
0061722,comedy
0061722,romance
0061722,drama
0029947,comedy
0029947,romance
0079522,comedy
0079522,romance
0079522,drama
1375666,sci_fi
1375666,thriller
1375666,mystery
1375666,action
0080684,sci_fi
0080684,fantasy
0080684,adventure
0080684,action
0133093,sci_fi
0133093,action
0076759,sci_fi
0076759,fantasy
0076759,adventure
0076759,action
0816692,sci_fi
0816692,drama
0816692,adventure
0103064,sci_fi
0103064,action
2488496,sci_fi
2488496,fantasy
2488496,adventure
2488496,action
0088763,sci_fi
0088763,comedy
0088763,adventure
0482571,sci_fi
0482571,drama
0482571,mystery
0482571,thriller
0078748,horror
0078748,sci_fi
0910970,sci_fi
0910970,animation
0910970,adventure
0910970,family
0090605,horror
0090605,sci_fi
0090605,action
0086190,sci_fi
0086190,fantasy
0086190,adventure
0086190,action
0066921,sci_fi
0066921,crime
0066921,drama
0338013,sci_fi
0338013,drama
0338013,romance
0062622,sci_fi
0062622,mystery
0017136,sci_fi
0017136,drama
2338151,sci_fi
2338151,comedy
2338151,romance
2338151,drama
0083658,sci_fi
0083658,thriller
1392190,sci_fi
1392190,thriller
1392190,adventure
1392190,action
0079944,sci_fi
0079944,drama
0084787,horror
0084787,sci_fi
3659388,sci_fi
3659388,drama
3659388,adventure
0087544,sci_fi
0087544,animation
0087544,adventure
0087544,fantasy
0848228,sci_fi
0848228,thriller
0848228,action
0246578,sci_fi
0246578,drama
0069293,sci_fi
0069293,drama
0069293,mystery
2015381,sci_fi
2015381,adventure
2015381,action
0107290,sci_fi
0107290,thriller
0107290,adventure
0094625,sci_fi
0094625,animation
0094625,action
0114746,sci_fi
0114746,thriller
0114746,mystery
0088247,sci_fi
0088247,action
1877832,sci_fi
1877832,thriller
1877832,adventure
1877832,action
0796366,sci_fi
0796366,adventure
0796366,action
0088846,sci_fi
0113568,sci_fi
0113568,animation
0113568,thriller
0113568,mystery
0113568,action
1798709,sci_fi
1798709,drama
1798709,romance
1136608,sci_fi
1136608,action
0129167,family
0129167,animation
0129167,comedy
0129167,sci_fi
0129167,drama
0129167,action
0129167,adventure
0021884,horror
0021884,drama
0021884,sci_fi
0063442,sci_fi
0063442,adventure
0379786,sci_fi
0379786,thriller
0379786,adventure
0379786,action
0756683,sci_fi
0756683,drama
1182345,sci_fi
1182345,drama
1631867,sci_fi
1631867,adventure
1631867,action
0026138,horror
0026138,comedy
0026138,sci_fi
0026138,drama
0275277,sci_fi
0275277,animation
0275277,crime
0275277,drama
0275277,action
0275277,thriller
0206634,sci_fi
0206634,drama
0206634,thriller
0384116,sci_fi
0384116,comedy
0384116,adventure
0371746,sci_fi
0371746,adventure
0371746,action
0111161,crime
0111161,drama
0068646,crime
0068646,drama
0071562,crime
0071562,drama
0468569,drama
0468569,crime
0468569,action
0050083,crime
0050083,drama
0108052,drama
0108052,biography
0108052,history
0110912,crime
0110912,drama
0167260,drama
0167260,adventure
0167260,fantasy
0060196,western
0137523,drama
0120737,drama
0120737,adventure
0120737,fantasy
1375666,sci_fi
1375666,thriller
1375666,mystery
1375666,action
0080684,sci_fi
0080684,fantasy
0080684,adventure
0080684,action
0109830,drama
0109830,romance
2199711,crime
2199711,adventure
2199711,thriller
2199711,mystery
2199711,action
0167261,drama
0167261,adventure
0167261,fantasy
0073486,drama
0476735,drama
0047478,drama
0133093,sci_fi
0133093,action
0099685,crime
0099685,biography
0099685,drama
0076759,sci_fi
0076759,fantasy
0076759,adventure
0076759,action
0317248,crime
0317248,drama
0109117,comedy
0109117,romance
0109117,family
2631186,war
2631186,adventure
2631186,history
2631186,action
2375559,thriller
2375559,mystery
2375559,action
0114369,crime
0114369,thriller
0114369,mystery
0114369,drama
0038650,drama
0038650,fantasy
0038650,family
0816692,sci_fi
0816692,drama
0816692,adventure
0118799,comedy
0118799,romance
0118799,drama
0114814,crime
0114814,thriller
0114814,drama
0102926,crime
0102926,thriller
0102926,drama
0110413,crime
0110413,thriller
0110413,drama
0064116,western
0021749,comedy
0021749,romance
0021749,drama
0245429,animation
0245429,adventure
0245429,fantasy
0245429,family
1675434,comedy
1675434,biography
1675434,drama
0120815,drama
0120815,war
0120815,action
0034583,drama
0034583,romance
0034583,war
0120586,crime
0120586,drama
0027977,comedy
0027977,drama
0073707,thriller
0073707,action
0073707,comedy
0073707,drama
0073707,musical
0073707,adventure
0082971,adventure
0082971,action
0054215,horror
0054215,thriller
0054215,mystery
0047396,thriller
0047396,mystery
0120689,crime
0120689,fantasy
0120689,mystery
0120689,drama
0116231,crime
0116231,thriller
0116231,drama
2582802,drama
2582802,music
0253474,drama
0253474,biography
0253474,war
0103064,sci_fi
0103064,action
0871510,drama
0871510,sport
0871510,family
2356180,drama
2356180,sport
2356180,biography
2356180,history
2356180,action
0081398,drama
0081398,biography
0081398,sport
1291584,drama
1291584,sport
0169102,drama
0169102,musical
0169102,adventure
0169102,sport
0169102,romance
1979320,drama
1979320,biography
1979320,sport
1979320,action
0405159,drama
0405159,sport
3076658,drama
3076658,sport
1220719,drama
1220719,biography
1220719,sport
1220719,action
0075148,drama
0075148,sport
0054997,drama
0054997,sport
0352248,drama
0352248,biography
0352248,sport
1125849,drama
1125849,sport
0964517,drama
0964517,biography
0964517,sport
0412080,drama
0412080,biography
0412080,sport
0108037,comedy
0108037,family
0108037,sport
0108037,drama
0210945,drama
0210945,biography
0210945,sport
0878804,drama
0878804,biography
0878804,sport
0446059,drama
0446059,biography
0446059,sport
0446059,action
0095250,drama
0095250,adventure
0095250,sport
0095250,romance
0095250,action
1386932,drama
1386932,sport
1386932,biography
1386932,history
1386932,action
1210166,drama
1210166,biography
1210166,sport
0091217,drama
0091217,sport
0097351,drama
0097351,sport
0097351,fantasy
0097351,family
0174856,drama
0174856,biography
0174856,sport
1226271,comedy
1226271,biography
1226271,sport
1226271,drama
0087781,drama
0087781,sport
0108002,drama
0108002,biography
0108002,sport
0453562,drama
0453562,biography
0453562,sport
0385002,crime
0385002,sport
0385002,drama
0349825,drama
0349825,biography
0349825,history
0349825,sport
1798684,drama
1798684,sport
1798684,action
1156466,drama
1156466,crime
1156466,sport
1156466,action
0076723,comedy
0076723,sport
0076723,drama
0080487,comedy
0080487,sport
1057500,drama
1057500,biography
1057500,history
1057500,sport
0329575,drama
0329575,history
0329575,sport
0112461,crime
0112461,biography
0112461,sport
0112461,drama
0286112,comedy
0286112,sport
0286112,action
0116695,comedy
0116695,sport
0116695,romance
0116695,drama
0390022,drama
0390022,sport
0390022,action
0082158,drama
0082158,biography
0082158,sport
0393162,drama
0393162,sport
0385726,drama
0385726,biography
0385726,sport
0479143,drama
0479143,sport
0317219,animation
0317219,family
0317219,adventure
0317219,sport
0317219,comedy
0087538,drama
0087538,family
0087538,sport
0087538,action
0097815,comedy
0097815,sport
0104694,comedy
0104694,sport
0104694,drama
1606392,comedy
1606392,sport
1606392,drama
1375666,sci_fi
1375666,thriller
1375666,mystery
1375666,action
2199711,crime
2199711,adventure
2199711,thriller
2199711,mystery
2199711,action
2375559,thriller
2375559,mystery
2375559,action
0114369,crime
0114369,thriller
0114369,mystery
0114369,drama
0114814,crime
0114814,thriller
0114814,drama
0102926,crime
0102926,thriller
0102926,drama
0110413,crime
0110413,thriller
0110413,drama
0073707,thriller
0073707,action
0073707,comedy
0073707,drama
0073707,musical
0073707,adventure
0054215,horror
0054215,thriller
0054215,mystery
0047396,thriller
0047396,mystery
0116231,crime
0116231,thriller
0116231,drama
0407887,crime
0407887,thriller
0407887,drama
0209144,thriller
0209144,mystery
1821700,drama
1821700,thriller
1821700,action
0482571,sci_fi
0482571,drama
0482571,mystery
0482571,thriller
1345836,thriller
1345836,action
0405094,drama
0405094,thriller
1280558,crime
1280558,thriller
1280558,mystery
1280558,drama
0082096,drama
0082096,adventure
0082096,war
0082096,thriller
0022100,crime
0022100,thriller
0022100,drama
0364569,drama
0364569,mystery
0364569,thriller
0053125,crime
0053125,adventure
0053125,mystery
0053125,thriller
0052357,thriller
0052357,romance
0052357,mystery
0036775,crime
0036775,thriller
0036775,film_noir
0036775,drama
0105236,crime
0105236,thriller
1954470,drama
1954470,crime
1954470,thriller
1954470,action
3390572,crime
3390572,thriller
3390572,romance
3390572,drama
0041959,thriller
0041959,mystery
0041959,film_noir
0119488,crime
0119488,thriller
0119488,mystery
0119488,drama
0047296,crime
0047296,thriller
0047296,drama
1663202,drama
1663202,adventure
1663202,western
1663202,thriller
0071315,drama
0071315,mystery
0071315,thriller
0113277,drama
0113277,crime
0113277,thriller
0113277,action
0095016,thriller
0095016,action
1821480,drama
1821480,mystery
1821480,thriller
1305806,drama
1305806,mystery
1305806,thriller
0083658,sci_fi
0083658,thriller
0046268,drama
0046268,adventure
0046268,thriller
0434409,drama
0434409,thriller
0434409,action
0032976,thriller
0032976,mystery
1392190,sci_fi
1392190,thriller
1392190,adventure
1392190,action
0046912,crime
0046912,thriller
0060827,drama
0060827,thriller
0116282,crime
0116282,thriller
0116282,drama
3011894,comedy
3011894,thriller
3011894,drama
2267998,crime
2267998,thriller
2267998,mystery
2267998,drama
0167404,drama
0167404,mystery
0167404,thriller
0046911,horror
0046911,drama
0046911,thriller
0052311,crime
0052311,film_noir
0052311,thriller
0477348,crime
0477348,thriller
0477348,drama
2631186,war
2631186,adventure
2631186,history
2631186,action
0120815,drama
0120815,war
0120815,action
0034583,drama
0034583,romance
0034583,war
0253474,drama
0253474,biography
0253474,war
0057012,comedy
0057012,war
0078788,drama
0078788,war
0032553,comedy
0032553,war
0032553,drama
0050825,drama
0050825,war
0095327,animation
0095327,war
0095327,drama
0082096,drama
0082096,adventure
0082096,war
0082096,thriller
0112573,drama
0112573,biography
0112573,history
0112573,war
0056172,war
0056172,biography
0056172,adventure
0056172,history
0056172,drama
0093058,drama
0093058,war
0361748,drama
0361748,adventure
0361748,war
0363163,drama
0363163,biography
0363163,war
0057115,drama
0057115,adventure
0057115,history
0057115,war
0089881,drama
0089881,war
0089881,action
0017925,drama
0017925,comedy
0017925,adventure
0017925,war
0017925,action
0055031,drama
0055031,history
0055031,war
0457430,drama
0457430,war
0457430,fantasy
0050212,drama
0050212,adventure
0050212,war
1255953,drama
1255953,mystery
1255953,war
0031381,drama
0031381,romance
0031381,war
0077416,drama
0077416,war
0036868,drama
0036868,romance
0036868,war
0386064,drama
0386064,war
0386064,action
0058946,drama
0058946,war
0395169,drama
0395169,history
0395169,war
0114787,comedy
0114787,war
0114787,drama
0091763,drama
0091763,war
0052618,drama
0052618,adventure
0052618,war
0072684,drama
0072684,adventure
0072684,romance
0072684,war
2084970,drama
2084970,biography
2084970,war
2084970,thriller
0046359,comedy
0046359,war
0046359,drama
0020629,drama
0020629,war
0808417,animation
0808417,biography
0808417,war
0808417,drama
0066206,drama
0066206,biography
0066206,war
0023969,comedy
0023969,musical
0023969,war
1185616,animation
1185616,biography
1185616,war
1185616,drama
0059113,drama
0059113,romance
0059113,war
0015648,drama
0015648,history
0015648,war
0283509,drama
0283509,war
0054331,war
0054331,biography
0054331,adventure
0054331,history
0054331,drama
0498380,drama
0498380,history
0498380,war
0097441,drama
0097441,history
0097441,war
0043265,drama
0043265,adventure
0043265,romance
0043265,war
0087553,drama
0087553,history
0087553,war
0389557,drama
0389557,war
0389557,thriller
2013293,animation
2013293,biography
2013293,war
2013293,romance
2013293,drama
0914798,drama
0914798,war
0060196,western
0064116,western
1853728,drama
1853728,western
0040897,drama
0040897,adventure
0040897,western
0040897,action
0059578,western
0105695,western
1663202,drama
1663202,adventure
1663202,western
1663202,thriller
0064115,crime
0064115,biography
0064115,western
0064115,drama
3460252,comedy
3460252,western
3460252,thriller
3460252,mystery
3460252,drama
0044706,drama
0044706,western
0044706,action
0056217,western
0053221,comedy
0053221,western
0053221,drama
0058461,drama
0058461,western
0058461,action
0065214,western
0065214,adventure
0065214,action
0099348,drama
0099348,adventure
0099348,western
0049730,drama
0049730,adventure
0049730,western
0075029,western
0031971,western
0031971,adventure
0108358,drama
0108358,western
0108358,history
0108358,action
0054047,western
0054047,adventure
0054047,action
0071230,comedy
0071230,western
0381849,crime
0381849,adventure
0381849,western
0381849,drama
0112817,drama
0112817,western
0112817,fantasy
0046303,drama
0046303,western
0046303,romance
1403865,drama
1403865,adventure
1403865,western
0065988,comedy
0065988,western
0068699,western
0443680,crime
0443680,biography
0443680,history
0443680,western
0443680,drama
0110322,drama
0110322,western
0110322,romance
0110322,war
0316356,western
0316356,romance
0316356,action
0419294,crime
0419294,adventure
0419294,western
0419294,mystery
0419294,drama
0421238,crime
0421238,western
0421238,drama
0065126,western
0065126,adventure
0065126,drama
0099088,sci_fi
0099088,comedy
0099088,western
0089767,western
1192628,animation
1192628,family
1192628,adventure
1192628,western
1192628,comedy
0090022,drama
0090022,crime
0090022,western
0090022,action
0166813,animation
0166813,western
0166813,family
0166813,comedy
0166813,adventure
0166813,romance
0110478,comedy
0110478,adventure
0110478,thriller
0110478,western
0110478,action
0096487,drama
0096487,crime
0096487,western
0096487,thriller
0096487,action
0800308,crime
0800308,western
0800308,drama
0120746,thriller
0120746,western
0120746,action
0120746,comedy
0120746,adventure
0120746,romance
0317648,western
0317648,adventure
0317648,action
0111756,biography
0111756,adventure
0111756,western
0111756,romance
0111756,action
0184894,comedy
0184894,adventure
0184894,western
0184894,action
0119314,drama
0119314,western
0119314,romance
0104231,drama
0104231,adventure
0104231,western
0104231,romance
1210819,western
1210819,adventure
1210819,action
0338188,thriller
0338188,adventure
0338188,western
0092086,comedy
0092086,western
